INSERT INTO Jumper (JumperID, FirstName, LastName, NumberOfJumps, Organizer, Paid, Comment, RandomizedUpDown, JumpGroup) VALUES (1, 'Jo', 'Copeland', 582, 0, 1, NULL, 1, 1)
INSERT INTO Jumper (JumperID, FirstName, LastName, NumberOfJumps, Organizer, Paid, Comment, RandomizedUpDown, JumpGroup) VALUES (2, 'David', 'Prozinski', 5500, 0, 1, NULL, 1, 1)
INSERT INTO Jumper (JumperID, FirstName, LastName, NumberOfJumps, Organizer, Paid, Comment, RandomizedUpDown, JumpGroup) VALUES (3, 'Max', 'McParland', 317, 0, 1, NULL, 2, 1)
INSERT INTO Jumper (JumperID, FirstName, LastName, NumberOfJumps, Organizer, Paid, Comment, RandomizedUpDown, JumpGroup) VALUES (4, 'Westy', 'Copeland', 900, 0, 1, NULL, 1, 1)
INSERT INTO Jumper (JumperID, FirstName, LastName, NumberOfJumps, Organizer, Paid, Comment, RandomizedUpDown, JumpGroup) VALUES (5, 'Paul', 'Fitch', 450, 0, 1, NULL, 2, 1)
INSERT INTO Jumper (JumperID, FirstName, LastName, NumberOfJumps, Organizer, Paid, Comment, RandomizedUpDown, JumpGroup) VALUES (6, 'Andrew', 'Long', 115, 0, 1, NULL, 2, 1)
INSERT INTO Jumper (JumperID, FirstName, LastName, NumberOfJumps, Organizer, Paid, Comment, RandomizedUpDown, JumpGroup) VALUES (7, 'Stef', 'Starsky', 320, 0, 1, NULL, 2, 1)
INSERT INTO Jumper (JumperID, FirstName, LastName, NumberOfJumps, Organizer, Paid, Comment, RandomizedUpDown, JumpGroup) VALUES (8, 'Kyle', 'Compto', 34, 0, 1, 'just off student status', 2, 1)
INSERT INTO Jumper (JumperID, FirstName, LastName, NumberOfJumps, Organizer, Paid, Comment, RandomizedUpDown, JumpGroup) VALUES (9, 'Constanti', 'Constantly', 410, 0, 1, NULL, 2, 1)
INSERT INTO Jumper (JumperID, FirstName, LastName, NumberOfJumps, Organizer, Paid, Comment, RandomizedUpDown, JumpGroup) VALUES (10, 'Jaso', 'Nederhoff', 590, 0, 1, NULL, 1, 1)
INSERT INTO Jumper (JumperID, FirstName, LastName, NumberOfJumps, Organizer, Paid, Comment, RandomizedUpDown, JumpGroup) VALUES (13, 'Kasey', 'Matejcek', 2300, 0, 1, NULL, 1, 1)
INSERT INTO Jumper (JumperID, FirstName, LastName, NumberOfJumps, Organizer, Paid, Comment, RandomizedUpDown, JumpGroup) VALUES (16, 'Andrew', 'Olso', 560, 0, 1, NULL, 1, 1)
INSERT INTO Jumper (JumperID, FirstName, LastName, NumberOfJumps, Organizer, Paid, Comment, RandomizedUpDown, JumpGroup) VALUES (17, 'Daw', 'Nederhoff', 132, 0, 1, NULL, 2, 1)
INSERT INTO Jumper (JumperID, FirstName, LastName, NumberOfJumps, Organizer, Paid, Comment, RandomizedUpDown, JumpGroup) VALUES (18, 'Kaleb', 'Lomme', 1164, 0, 1, NULL, 1, 1)
INSERT INTO Jumper (JumperID, FirstName, LastName, NumberOfJumps, Organizer, Paid, Comment, RandomizedUpDown, JumpGroup) VALUES (19, 'Josh', 'Hoyle', 500, 0, 1, NULL, 2, 1)
INSERT INTO Jumper (JumperID, FirstName, LastName, NumberOfJumps, Organizer, Paid, Comment, RandomizedUpDown, JumpGroup) VALUES (20, 'PIIA', 'PIIA', 1000, 0, 0, NULL, 1, 1)
INSERT INTO Jumper (JumperID, FirstName, LastName, NumberOfJumps, Organizer, Paid, Comment, RandomizedUpDown, JumpGroup) VALUES (21, 'Joh', 'Shinnick', 1500, 1, 0, NULL, 1, NULL)
INSERT INTO Jumper (JumperID, FirstName, LastName, NumberOfJumps, Organizer, Paid, Comment, RandomizedUpDown, JumpGroup) VALUES (22, 'Paul', 'Jursik', 3000, 0, 1, NULL, 1, NULL)
INSERT INTO Jumper (JumperID, FirstName, LastName, NumberOfJumps, Organizer, Paid, Comment, RandomizedUpDown, JumpGroup) VALUES (23, 'Jay', 'Hilde', 800, 1, 0, NULL, 1, NULL)
INSERT INTO Jumper (JumperID, FirstName, LastName, NumberOfJumps, Organizer, Paid, Comment, RandomizedUpDown, JumpGroup) VALUES (24, 'Lisa', 'Shinnick', 1200, 1, 0, NULL, 1, NULL)
SET IDENTITY_INSERT INTO Jumper OFF
SET IDENTITY_INSERT INTO Round ON 

INSERT INTO Round (RoundID, RoundNumber, Formations) VALUES (1, 3, 'M,P,Q,A')
INSERT INTO Round (RoundID, RoundNumber, Formations) VALUES (2, 2, 'B,21,F')
INSERT INTO Round (RoundID, RoundNumber, Formations) VALUES (3, 1, 'H,B,J,O')
INSERT INTO Round (RoundID, RoundNumber, Formations) VALUES (4, 4, 'E,6,')
INSERT INTO Round (RoundID, RoundNumber, Formations) VALUES (5, 5, 'H,7,L')
SET IDENTITY_INSERT INTO Round OFF
SET IDENTITY_INSERT INTO RoundJumperMap ON 

INSERT INTO RoundJumperMap (ID, RoundID, UpJumper1ID, UpJumper2ID, DownJumper1ID, DownJumper2ID, JumpGroup, Score, Camera, VideoUrl) VALUES (22, 3, 2, 16, 3, 7, 1, 7, 'Art', 'https://youtu.be/2z-ZhlkFmV0')
INSERT INTO RoundJumperMap (ID, RoundID, UpJumper1ID, UpJumper2ID, DownJumper1ID, DownJumper2ID, JumpGroup, Score, Camera, VideoUrl) VALUES (23, 3, 18, 13, 6, 17, 1, 2, 'Art', 'https://youtu.be/jw9bK8Pl2R8')
INSERT INTO RoundJumperMap (ID, RoundID, UpJumper1ID, UpJumper2ID, DownJumper1ID, DownJumper2ID, JumpGroup, Score, Camera, VideoUrl) VALUES (24, 3, 4, 22, 19, 8, 1, 2, 'Jimmy', 'https://youtu.be/xJlxpuGHPGg')
INSERT INTO RoundJumperMap (ID, RoundID, UpJumper1ID, UpJumper2ID, DownJumper1ID, DownJumper2ID, JumpGroup, Score, Camera, VideoUrl) VALUES (25, 3, 1, 10, 9, 5, 1, 3, 'Jimmy', 'https://youtu.be/tXm196T4e0s')
INSERT INTO RoundJumperMap (ID, RoundID, UpJumper1ID, UpJumper2ID, DownJumper1ID, DownJumper2ID, JumpGroup, Score, Camera, VideoUrl) VALUES (26, 2, 2, 10, 19, 17, 1, 6, 'Jimmy', 'https://youtu.be/ZMXQV_Qv9Lc')
INSERT INTO RoundJumperMap (ID, RoundID, UpJumper1ID, UpJumper2ID, DownJumper1ID, DownJumper2ID, JumpGroup, Score, Camera, VideoUrl) VALUES (27, 2, 18, 16, 9, 8, 1, 2, 'Jimmy', 'https://youtu.be/dn1oFYHnyh8')
INSERT INTO RoundJumperMap (ID, RoundID, UpJumper1ID, UpJumper2ID, DownJumper1ID, DownJumper2ID, JumpGroup, Score, Camera, VideoUrl) VALUES (28, 2, 4, 13, 3, 5, 1, 9, 'Art', 'https://youtu.be/oh_-xlrloi0')
INSERT INTO RoundJumperMap (ID, RoundID, UpJumper1ID, UpJumper2ID, DownJumper1ID, DownJumper2ID, JumpGroup, Score, Camera, VideoUrl) VALUES (29, 2, 1, 22, 6, 7, 1, 2, 'Art', 'https://youtu.be/aLwIH2QTVJg')
INSERT INTO RoundJumperMap (ID, RoundID, UpJumper1ID, UpJumper2ID, DownJumper1ID, DownJumper2ID, JumpGroup, Score, Camera, VideoUrl) VALUES (30, 1, 2, 21, 3, 8, 1, 2, 'Kare', 'https://youtu.be/hAaxTsXj77w')
INSERT INTO RoundJumperMap (ID, RoundID, UpJumper1ID, UpJumper2ID, DownJumper1ID, DownJumper2ID, JumpGroup, Score, Camera, VideoUrl) VALUES (31, 1, 18, 10, 6, 5, 1, 7, 'Art', 'https://youtu.be/1Ff_k3tajXc')
INSERT INTO RoundJumperMap (ID, RoundID, UpJumper1ID, UpJumper2ID, DownJumper1ID, DownJumper2ID, JumpGroup, Score, Camera, VideoUrl) VALUES (32, 1, 4, 16, 19, 7, 1, 4, 'Jimmy', 'https://youtu.be/HUuZuYbs9-s')
INSERT INTO RoundJumperMap (ID, RoundID, UpJumper1ID, UpJumper2ID, DownJumper1ID, DownJumper2ID, JumpGroup, Score, Camera, VideoUrl) VALUES (33, 1, 1, 13, 9, 17, 1, 5, 'Jimmy', 'https://youtu.be/o3F6Av3wuMg')
INSERT INTO RoundJumperMap (ID, RoundID, UpJumper1ID, UpJumper2ID, DownJumper1ID, DownJumper2ID, JumpGroup, Score, Camera, VideoUrl) VALUES (34, 4, 2, 13, 19, 5, 1, 6, 'Jimmy', 'https://youtu.be/RhesqNLsoT0')
INSERT INTO RoundJumperMap (ID, RoundID, UpJumper1ID, UpJumper2ID, DownJumper1ID, DownJumper2ID, JumpGroup, Score, Camera, VideoUrl) VALUES (35, 4, 18, 22, 9, 7, 1, 4, 'Art', 'https://youtu.be/JD09JsJQReA')
INSERT INTO RoundJumperMap (ID, RoundID, UpJumper1ID, UpJumper2ID, DownJumper1ID, DownJumper2ID, JumpGroup, Score, Camera, VideoUrl) VALUES (36, 4, 4, 10, 3, 17, 1, 2, 'Art', 'https://youtu.be/oHtZ4uQxFjc')
INSERT INTO RoundJumperMap (ID, RoundID, UpJumper1ID, UpJumper2ID, DownJumper1ID, DownJumper2ID, JumpGroup, Score, Camera, VideoUrl) VALUES (37, 4, 1, 16, 6, 23, 1, 3, 'Jimmy', 'https://youtu.be/q_vvD8vARJ8')
INSERT INTO RoundJumperMap (ID, RoundID, UpJumper1ID, UpJumper2ID, DownJumper1ID, DownJumper2ID, JumpGroup, Score, Camera, VideoUrl) VALUES (38, 5, 2, 22, 3, 8, 1, 2, 'Jimmy', 'https://youtu.be/nzoqDwWvO50')
INSERT INTO RoundJumperMap (ID, RoundID, UpJumper1ID, UpJumper2ID, DownJumper1ID, DownJumper2ID, JumpGroup, Score, Camera, VideoUrl) VALUES (39, 5, 18, 10, 6, 5, 1, 0, 'Art', 'https://youtu.be/3QI7gtjS_4U')
INSERT INTO RoundJumperMap (ID, RoundID, UpJumper1ID, UpJumper2ID, DownJumper1ID, DownJumper2ID, JumpGroup, Score, Camera, VideoUrl) VALUES (40, 5, 4, 16, 19, 7, 1, 5, 'Art', 'https://youtu.be/5W6cfQTMyy0')
INSERT INTO RoundJumperMap (ID, RoundID, UpJumper1ID, UpJumper2ID, DownJumper1ID, DownJumper2ID, JumpGroup, Score, Camera, VideoUrl) VALUES (41, 5, 1, 13, 9, 24, 1, 3, 'Jimmy', 'https://youtu.be/4rC5kVpCCgI')
SET IDENTITY_INSERT INTO RoundJumperMap OFF
INSERT INTO __MigrationHistory (MigrationId, ContextKey, Model, ProductVersion) VALUES ('201503291811055_jumperTable', 'Data.Sql.Migrations.Configuratio', 0x1F8B0800000000000400CD58CD6EE33610BE17E83B083CB5C0AE959F4B1BC8BBC8DA49E1368E8328D93B2D8D1DA214A98A541AEFABEDA18FD457E85012255AB215395E608B1C625133DFCC7C1CCE0CF5EFD77F828F2F09F79E21534C8A31391D9D100F44246326D66392EBD5FB5FC8C70F3FFE105CC5C98BF7D9CA9D1B39D4146A4C9EB44E2F7C5F454F9050354A58944925577A14C9C4A7B1F4CF4E4E7EF54F4F7D400882589E17DCE742B3048A077C9C481141AA73CAE73206AEAA757C1316A8DE2D4D40A534823199524D47E15F9C78979C51B41F025F118F0A2135D5E8DDC5A382506752ACC31417287FD8A480722BCA15545E5F34E2430338393301F88DA2858A72A5657220E0E979C588DF567F13AFA4660C39BB426EF5C6445DF03626BFE7490A19F1DAA62E263C33620DA9A392FF51A9F1CEB3EBEFEAADC70C317FEFBC49CE759EC15840AE338A1277F992B3E80FD83CC83F418C45CEB9EB163A86EFB61670E92E9368486FEE61B5E5EC6C4A3C7F5BDB6FABD7CA1DCD32A899D0E767C4BB4547E892439D010E01A19619FC060232AA21BEA35A43861B388BA1E0B0E343CBE235CB94363FAD49CC3B3C38C49BD3971B106BFD3426F89378D7EC0562BB52B9F128189E3354D2590E3BDCEC377D43BF97E5DB3C5942B65819BAD56B5CF7432DB23515EC8BC9CD12E693941CA83818E88EB2F8588C894C12DCF66F4068BF9D7B2A629960D4F1633A957F8BDA20D6B151B974CDE97A38CC0D98B4EDF1FBF460AF03BF2922DBA5254F9CC2E27A3B53E67F536787179B06E5F8828341C590F10D52E026E636937330195CC760CBE367CA7328D8F27BE48DAF2D8DB32E79254DDDAA8C9D4E53266AB43BC6E874B9832D6C621561AADAA06D9F4AB810B40D43215FC46BB6AD4A28EBEAAEDDAD9D69FAAD5F365CDB98FD3D9D3998D334458E9D4E5DAD7861D9A627EFC3C33B595262F891DAD1D06A6F6B4B58BCE91A5A6FCD418EA1A8CC269996D424E3244E3A6215F57B68B5465C76DBCDAB21DB4A9BDF559AD824AF36A0A5DB10768D3198BA538403B5FDBA6B77148BA988729AED6D7F13C9F344F4B7D33E24A7ADB950CEF270ACA64FB950CDEA70A456DF71E15AAF86633A0DC8C573968763953DC88529578623D41DC805A91787E3743B8C0BD87DFB1664DB747623DBB75DE4C06FE57DFB50F99D53D51A03DB47B4AFB0B5456AEB75816B15B2A02A2AAFDF433A55A614211E52F6CC625361C28DD2908C6C299870566CA41598638EAD40E9B27D11BC149C8D2EBF608B6B5D6DFE3FD70C5FA9980FBA6B7CD7C19F19965F1DED0F1C0F3BB3BE78A659F444B39F12FAF2F3D1F3FB71683B67F282866327F2253B1CC49DC6DFA2DF9AC4F75273CCB4DD22E730A8ED89DBFAD79EB9FBD0F70FD8BBA6C4EE44D33F0CDAA16FEF3458D6AA31899712A3289D3C7252EC16CEC0773FF30453506CDD40988F3E0222538B1A502B33132B69D9C7B05C8FAC486B73E6A0698CEC5C669AAD68A4F175044A1557A16A4CBFC23312CFC422D769AE2F95C2A99E6F5DF103BFDF7E310E6FFB1C2C52F3A4BE4508E826C31060213EE58CC7B5DFD7DD33B30FC2244A55F3D02BBC0A22DC7A5323DD4A3110A8A26F0A290853311F20493982A98508E933BCC5379CA16F604DA38DED7FFB415EDF886DDA8329A3EB8C26AAC268F4CDA74BDF7CBBFCF01F72B88903ED140000, '6.1.3-40302')
INSERT INTO __MigrationHistory (MigrationId, ContextKey, Model, ProductVersion) VALUES ('201503291851259_JumpGroupFlag', 'Data.Sql.Migrations.Configuratio', 0x1F8B0800000000000400CD58CD6EE33610BE17E83B083AB540D6CACFA50DE45D64ED64E1368E8328D93B2D8D1DA214A98A541AEFABF5D047EA2B74A85F8AB215D95E20450EB146331F673E0E8733FAF7EF7FFC4FAF31735E209554F0B17B363A751DE0A188285F8FDD4CAD3EFCE27EFAF8E30FFE7514BF3A5F2BBD0BAD87965C8EDD67A5924BCF93E133C4448E621AA6428A951A8522F64824BCF3D3D35FBDB3330F10C2452CC7F11F32AE680CF9033E4E040F2151196173110193A51CDF0439AA73476290090961EC4E8922A3E04FE63A578C125C3F00B6721DC2B95044A177974F1202950ABE0E121410F6B84900F556844928BDBE6CD48706707AAE03F01AC30A2ACCA412F19E80671725239E6D7E10AF6ECD1872768DDCAA8D8E3AE76DECFE96C509A4AE632F753961A9566B481D15FC8F0A8B13A7929FD45B8F19A2FF4E9C49C65496C29843A652821AF7D992D1F077D83C8A3F808F79C698E9163A86EF5A0214DDA70217529B0758B59C9D4D5DC76B5B7BB6796DDCB12C829A717571EE3A77E8085932A833C020205022852FC021250AA27BA214A4B881B308720E3B3E582BDED0542AFDB35A12F30E0F8EEBCCC9EB2DF0B57A1EBBF8D3756EE82B4495A474E389533C6768A4D20CB6B8D9BFF42D79AF95EFB27809E962A5E9966F71DD0FB548D784D36F3A370B98CF4230207C6FA07B42A3633126228E71DBBF03A1FDEB3C101E8918A38E9E92A9F88BD70B621D1B15A21B46D66FC168FABFA4224B5AF6B5740844E3C92DE8CCEF09FD6CEFC07DAFA943EDEA94C5466D32039E49FDBF29D5C3EB5583727CCDC2A02248D906293073BBCDE41CF421A863A82AEC57C232C8D9F27AF4B5AF96C57997BC82A61EEAACBD3E9CBD16D07B10780B2B3594BC07BA7E56FBF2A613119B0C4528AF81EE2925D3E5169EB07F28A9926562B7DD29E00250AD7B074B6193F0C669D49BBCED5CD4EE34CD8E57743B5557E4ED688BFC39491224D768934A8913143DD2E443B07F1B1117185E28B77413B5B7F54A78739235586F75158D20BF1675162D894EC4491477D44AF277105B2DD2E6D7EE1D1ABA2B7DFDBB3C62558A975B60D93694DD6014BAECE70141ED41DD34750CF3A6943092EEEC3E26826531EFEF66FA908CAEC28432C4C3B19A36C1846AA4C391AC6BDF84B35E0DC734EE7F13CF100FC72A5A0013A6900C47A81B0013A4160EC7E95EF02660F7ED7064E3CEB793AC141FE26575F96FF7B27ADB45F63DEB0CD907D4EB9C50ABA3B70F7C5F99B455EAD5EB72699545BF2C516F8F949D9A55A8B80E52F642235DAF828D54108FAAB23261344F8A4A618EF9BA02A98A5BD0C5F9EE7C74F50D6F4A6B4AFDFF4C8C9E94111B3436BEEB0C4735CB6F4E697B76FA9DB18DBF90347C26E94F3179FDF9E851EC38B4ADE3554EC3B1C3D592EE0F620E5687D85B43D54E6A8E199C2C7286407586A70330764D4F558CF6FCD487BE7B58DAD6B9767BAC210D6A4F7F5AD4BBB11B2D054651387964EFDA2DBEBE677EF5F3A720E9BA81D0DF003984BA9E35A095CE8CAF44C53E86657A54A9589B3307452264E72A5574454285AF4390321F6BCBD1E11ACF5934E38B4C2599BA9212870CD6FAE2E37BFDEBE70D7ADB677F91E827F93D4240372986000BFE39A32CAAFDBEE99EBB5D103A51CABA895EE1588F70EB4D8D7427F840A092BE2924C075D57D8438610826173C202F70886F3865DDC29A849BEA0EDD0DF2F646B469F7A794AC5312CB12A3B1D75FB23DFD29FBE37F0BEE8F63FC160000, '6.1.3-40302')
INSERT INTO __MigrationHistory (MigrationId, ContextKey, Model, ProductVersion) VALUES ('201504052344426_AddRoundTable', 'Data.Sql.Migrations.Configuratio', 0x1F8B0800000000000400CD59CD6EE33610BE17E83B083AB540D68A9D4B1BC8BBC8DAF1C26D1C0751B2775A1A3B44295215A9D4DE57EBA18FD45728A95F8AB265C9DEDD1439C41E723E0E3FCE0C87E37FFFFEC7FDB00D89F50A31C78C8EEDE1E0D2B680FA2CC07433B613B17EF78BFDE1FD8F3FB8B741B8B53E17F3AED43CA949F9D87E1122BA761CEEBF4088F820C47ECC385B8B81CF420705CC195D5EFEEA0C870E48085B625996FB9850814348BFC8AF13467D884482C8820540782E97235E8A6ADDA31078847C18DB5324D0C0FB93D8D60DC148AEEF0159DB16A2940924A475D7CF1C3C1133BAF1222940E46917819CB74684436EF57535BDEB062E476A034EA55840F909172CEC0938BCCA19714CF59378B54BC62467B7925BB153BB4E791BDBBF256104B16D994B5D4F48ACA655A40E32FE0799C68555C82FCAA3971EA2FE2EAC49424412C39842226224673C242B82FDDF61F7C4FE003AA60921BA59D23039561348D143CCE44262F708EB9AB1F3A96D39756DC7542F951B9AD9A6E6545C8D6CEB5E1A8256044A0FD008F0048BE11350889180E0010901B13CC0790029870D1B8C156738E6427D2C96947E2703C7B616687B0774235EC6B6FC685B33BC85A090E4663C532CE34C2A8938813D66B62F7D87DE6AE5FB245C41BC5C2BBAF931AEDBA196F10651FC45F96606F391310288F6067A4038381763C2C2501EFB5720B47D9D47440316CA5D07CFD194FD45CB05651E1B64A219419B63308AFE4F314BA29A7E29ED0251597207CAF35BB63EECBD71D7A9F2506B767A64090DFA24A754E14D7253BAF229A9A954FC5E99295D308BD4F34274C6E230B5887FEB4C73D861925073173D42E65CFDAFEEF6EE3E54A19CEF48729701C4642759D199AED3BA007516E51E8A2BF9332209A4E1E5B4CC57B61A1AA32679194D2DD419C9E174F66A406F41E01DAC4557F21EF1E645F4E54D39A2AC4A05C2B4047AC0184D577B789205674E15CF3DBD6E4E06E781A8152A32A02A87D7D2B73A64A71D208DEE7DFA792EDD1756E56EAAE2DAC9AAEBA20A770E94E1EE0245913C1BAD2CCF259697D5E493775EFFB235CC301C9FEFA95E4B6BCB95643E441B3046D5AD1D405A8629275C21E5C793206C4CCBCFEE00ADC522F5E331EF838AED62BEFA9C47681121F9091ABA156533B90B5566A41B82D282B2486F28A68F2044507CB0DA9D309284B4BD7A6E43D2AA581D4A1377C7AACA521DAA92764732CA4C1DCE18EA8EA9D59B3A9E26EE8E95959C3A4C26E98E50169C3A4829EC8ED32C2875C0E6687764ADC6349D2C179F6265516CEEB7B2186D22BB8E114366803A8D0835CA3433E03BA5833CD99E940DB27CDC3F191CD03BC86D515ED628DD5FAC1EC529AAC6065631D023B368C5632DB568F2EF7CCE8DEBD09C52AE5E5E8BC6F5E7E657D1F15655E36ECAA6D896A4E91507EA5EF2765C4038281C6642701AFCC58485CC4B6BE0222B96ECD1E57034B8F9220B2AA3FBF5FFE944399C07A4533BEA4D7B4358B17CF48DD5F7AD64B683E82B8AFD1714FF14A2EDCF67B778CE43DBDBB6496938B769B3C2FD41F486CD29FA46B3E62035E734640C72BA40359A3227601CEACA147B34FB326DE83D9B306FD812F92601B9A70B728AC7377B207D42B1FD0CCC4766F33DD3E52DD9F294CCEE9CB11DAC98B43EB3B2CF33F3F02B731FF2790FD0E6CDEA3AFA4F45EE1438DE5410EA87230ABE3A9A0AB49833A76B561CA4DC936E5131C538E705081448DA6F6281D7C81772D807CED36E57DE3EB895BE14CCE9321151226E388770456ACD38D7695F3F7D65D76D769751EA5C5F630BD24C2CB7004BFA31C12428ED9EEDF1CB0310CA03F31894567942C5E2665722DD33DA1128A76F0A115015C14F10464482F125F5D02B9C62DB33873BD8207F57144887418E1F449D76778AD1264621CF312A7DF5F3A7A37EFF7CFF1F534C2954311D0000, '6.1.3-40302')
INSERT INTO __MigrationHistory (MigrationId, ContextKey, Model, ProductVersion) VALUES ('201504122158220_RoundJumperMap', 'Data.Sql.Migrations.Configuratio', 0x1F8B0800000000000400ED5CCB6EDC3614DD17E83F085AB58533B2954D6BCC2448C671E0D62F78ECA0BB802371C64225529528D7D3A25FD6453FA9BF50524F3EA411A5D13C1C045DD4A6C8C3CBC34BF2F2F238FFFDF3EFF8ED73E01B4F308A3D8C26E6C9E8D8342072B0EBA1E5C44CC8E2D58FE6DB37DF7E33FEE006CFC6A7A2DE6B568FB644F1C47C24243CB5ACD8798401884781E74438C60B3272706001175BF6F1F14FD6C98905298449B10C637C9720E20530FD85FE3AC5C8812149807F855DE8C77939FD324B518D6B10C038040E9C98678080D1EC77DF34DEF91EA0FDCFA0BF300D8010268050EB4E1F6238231146CB59480B807FBF0A21ADB7007E0C73AB4FABEABA0338B6D900ACAA6101E52431C14147C093D7392396DCBC17AF66C918E5EC03E596ACD8A853DE26E6CF4910C2C834E4AE4EA77EC4AA55A48E32FE47598B23A3283F2AA79E7A08FBEFC898263E49223841302111A0356E93B9EF39BFC0D53DFE0DA2094A7C9F378B1A46BF0905B4E836C2B423B2BA830BC1D88B33D3B0C4D696DCBC6CACB4CC067581C86BDB34AEA92160EEC3D2033802660447F02344300204BAB7801018D109BC7061CAA16283D4E3B917C584FD587449FD8E2E1CD3B802CF97102DC9E3C4A43F9AC6B9F70CDDA22437E30179749DD146244A608D99EBBBBE04FBEAF93A09E630BA5930BAE336AED743DD444B80BC3F996F6630EF31F621409D816E81E76E8A31C54140A77D0042D7F77307908B033A6AF7213CC37FA0B243BA8F8DB2A2731F2CDB6018FD1F239C8442FBB25407A2B2E41232CF5F33F493CE031F5BD53EB47677BAC30972B3B57B05C22EBB94D8722FBB559F7D6A973B544A517B87EB411EC28CE493A180EC4D81D82219C8A60AAABB55D7E0C95BA6F3D46C9F69DC413FAD133F7A61BE4C45CFFD2C543F8F7070877D6565F0B53ECF7012396CF3C7AD55EF41B484A48FED7637DB6D2DDB6D7DDBEDCEB6A7503A56E7151BED4D7F6DB334ABD4D5C67235E9D8C9556EB4B5ACD3666F55B1AFCD5A1EC1556EB5B9D51BAA8A7536773B643A9F2D7B3952CA2DBBEBB9A2B9D70F7CB864E1E0667BF0398E82CCA9B61DCE363B4C1270EEC287611731FB7F7581D4F7A10A657347A2A37461E4AF282B3CD322AD5790CD85B4664DE313F01398C670D69AFAD5BE5BB6B055F2329AD6502745A0FDD91380F641E0255C105DF2EEBCE523E9C6DBBB38C68E9792501B090B5181D8F507E41AFA2142753B9043ED2B4A9C1752AAE88A98983F2843D4EAA7D897A55B087323115FA5906E7A30627B0DF0A774F1D3C9F3105177480F395E087C6D5324844E6906365B658FF297331842C436476DF6754C918259D59EB25BE94068A36F6C713ED6D3F5E415A2E112F68E5CCF3E1CD7B30FC7F5EC7EAE671F8AEB65919AA6334861FA16DC4D8CF1E51E76E367820D3AD3DA10426EE26002D31BDAB07BA7AAAE519AD35E73A7DA8273A917B23DED648A21FBDAC714DE750C11F25387E46EDA8767CD75788BEEB6F783533164DFEED6E9D014B2983B70B7ECC64ADB10DAA2BC71DC7A1E389BD75CA81E6298DFA9E2FC4A2CBB07839B4122F04A6FDED5CD587209C5BF440091D33A20D98375001B7194E61C6D4D46891956AE417B3E569EDF4E77AF7264352C299ED3E9B6C521971328278C44623621CDEE449ADD87347B6BA4D93B252DF7D156BA6AE25CFD4877188AC4D856C6DC02375C36BB959F8690AD5BD0360C4F6A98B60B47E2D2E8DA647558796AC8312C5903ADBA22615B1E7FE5B7B1958983F282B1D5A0221A53AB420F2D3955515E62CC3249D1F4D5ACBBEA26C8302C27AE11DF94D6963D111C812594BE32D1810B5315094B6FCE01CB904EDD40A9961FF60DC766D189789EAB33569CA6457DF6739E072872AFF991AF8641799B733A0AA6924807049599551B1A4CC3057C10358A75A6D84F02D416E3352371221C1E8A2BD6C7AA54353C5455AA8F24A9647838E9933E262797E1F1B8627DAC4C31C3C36425FA08A55E8607290BF571543D0C0FA87ED5472E5F105427CB8BFB58596865EAAD2CBEAAC8634B5A43CACD4159A1D226292F78ADED40DECA7B6D0B5200DF7D7B680368A25DDE20BA6D0D650E4A98ABA6C454338E9060E0B1D6661EDAF1EC26BCDAAB65339EF482C023B63C2EE8602A56B6648DF7EBEA9B78785FC7D6F7E7A13C52787A57B08A0F1D0E51EE055E3845B9F21DCFB312F9C955CADECB08508AF4C679D4D52E2A57C2B0AC8A69509A9E3C978560B3554C60302A1C66EA7BE9395754B8A247F002C6247B7136EDE3135B52A81F8E5ADC8A63D7AF895A55C9B8385B3BD66F7B8CDF56894A57A9892CD9464F20721E41F45D009EBFDF5886BD195AADB43AA5615361F5DCEB0EC28BAAFBB49704D58DD46C229A96C8D181E2C2BFDE184DCAE9628CB2767A1D7A5FA1748FB5B9995A792BEB5112ADA57D2829ED0BE4C2E789F957DAE6D4B8F8F573DEECC8B889E8E67B6A1C1B7F0F216BD6ED9E6B3A8809767F13EC0D4DA89552EB1A21341EC88C1E5C088D3B98D1513EDA63C50D25E6DCDEDA13F59B7D0E1B55BDD9E5146C9A8341E471C50B568F77CEA604E7464FB3BD1E4F1B73723B7923FD92256C5FDD63D7EEF19264667DE45E87E3164D098D5DA8C5BE4481D8D7BD62376EF102C55C5F5D63B7AEB15FE195FA64DB909C165369CDF2AA2CD73831DD39A6D39E05CABDA4571ACAABBABEFAA8B39AC5598D3D1C8C6E4B9C10FEF55A5FE6B0462DF13274582F8E84417555AAE5873AECA125532F6EDE8796411D0E011DA44DEA43163DD6B87F43899EAEB1B7AC20D8BFA884A0231C68659D0BB4C0C5E12A59545491323C579000979E76EF22E22D8043E86707C671FA17BAF99F3C7E08E6D0BD403709091342870C83B92FFC01313B9FD7F59FEAB7449BC737619A561A6208D44C8F0E01DEA0F789E7BBA5DDE73519A9060876F0E7D93736978465E196AB12E91A234DA09CBE325EB98741E853B0F806CDC013EC63DB430C2FE11238ABE23DB219A47D2244DAC7671E58462088738CAA3DFD95FAB01B3CBFF91F8788C1464A4C0000, '6.1.3-40302')
INSERT INTO __MigrationHistory (MigrationId, ContextKey, Model, ProductVersion) VALUES ('201505152212094_RoundJumperMapGroupFlag', 'Data.Sql.Migrations.Configuratio', 0x1F8B0800000000000400ED5CCB6EDC3614DD17E83F085AB58563D9CAA635661224E33870EB173C76D05DC0913863A112A94A94EB69D12FEBA29FD45F28A9271FD2887A78661C045DD4A6C8C3CBC34BDE4BF238FFFDF3EFE4ED53E01B8F308A3D8CA6E6F1E1916940E460D743ABA99990E5AB1FCDB76FBEFD66F2C10D9E8C4F45BDD7AC1E6D89E2A9F94048786259B1F30003101F069E13E1182FC9A183030BB8D8B28F8E7EB28E8F2D48214C8A651893DB04112F80E92FF4D719460E0C4902FC4BEC423FCECBE997798A6A5C8100C62170E0D43C05041CCE7FF74DE39DEF01DAFF1CFA4BD30008610208B5EEE43E86731261B49A87B400F877EB10D27A4BE0C730B7FAA4AAAE3B80239B0DC0AA1A16504E12131C74043C7E9D3362C9CD7BF16A968C51CE3E506EC99A8D3AE56D6AFE9C04218C4C43EEEA64E647AC5A45EA61C6FF61D6E2C028CA0FCAA9A71EC2FE3B3066894F92084E114C4804688D9B64E17BCE2F707D877F83688A12DFE7CDA286D16F42012DBA8930ED88AC6FE15230F6FCD4342CB1B525372F1B2B2DB3419D23F2DA368D2B6A0858F8B0F4008E8039C111FC08118C0081EE0D2004467402CF5D9872A8D820F578E64531613F165D52BFA30BC7342EC1D305442BF23035E98FA671E63D41B728C9CDB8471E5D67B41189125863E6E6AE2FC0AE7ABE4A82058CAE978CEEB88DEBCD50D7D10A20EF4FE69B19CC7B8C7D085067A01BE0B94331663808E8B48F40E8E67E6E0172714047EDDE87A7F80F547648F7B1C3ACE8CC07AB361846FFC70827A1D0BE2CD581A82CB980CCF3370CFDB8F3C02756B50F6DDC9D6E7182DC6CED5E82B0CB2E25B6DCC96ED5679FDAE60E9552D4DEE16690FB3023F9782C207B28105B2423D954410DB64A6B49B6615E81476F95CE7DF3984DE316FA699DF8C10BF37EC4D5F059A87E16E1E016FBCA6AE36B7D9EE324725840C1AD55EF40B482A48FED7637DB6D2DDB6D7DDBEDCEB6A7503A56E7151BED4D7F6DB334ABD4D5C67285EAD8C9556EB4B5ACD3666F55B1AFCD5A1EC1556EB5B9D51BAA8A7536770B5C9DE3D54EC2541906BAC62ACDF83172C0CA52CC619BF1198E82CCA99E3B456E769824E0DC854FEDCE63F6FFEA50AAEF4315CA7047A2A37461E4AF292B3CD322AD9790CD85B4664DE313F01398E685D686FAD5BE5BB6B055F2329A36502785D0FEEC0940BB20F0022E892E79B7DEEA8174E3ED5D1C63C74B49A8CDAE85AC40ECFA03720DFD14A14A6FE4F4FD9212E785942ABA22A6E60FCA10B5FA29F665298D626E24E2AB14D24D0F466CAF01FE8C2E7E3A791E22EA0EE921C70B81AF6D8A84D0E9EA82CD56D9A3FCE5148610B1CD519B7D1D53A40459B5A7EC560A086DF44D2CCEC77ABA9EBC42345CC2DE92EBD9FBE37AF6FEB89EDDCFF5EC7D71BD2C53D37406294D7F067713737CB987EDF8996083CEB436A490431C4C607AA00DDB77AAEA18A539ED3567AA67702EF540B6A39D4C316457FB98C2BB8E21C29DD73EB99B76F0AC390E3FA3BBED3C702A86ECDADD3A054DE166740BEE969D58691B425B94278E1BCF03A78B9A03D57D0CF333559C1F8965F760707348045EE9C9BB3A194B2EA1F8970820725A07247BB00E60238ED29CA3ADC928F186956BD07E1F2BCF6FA7B35739B21A9614CFE974DAE290CB09942F8C44628690667722CDEE439AFD6CA4D95B252DF7D156BA6AF25CFD4C771C8AC4DC56C67C066EB8DBEC567E1A52B66E49DB383CA969DA361C89BB46D726ABC3CA53538E71C91A69D51517B665F82BBF4DAC4C7094174CAC0665D2845A157A68C52995F212639EC99466AFE6DD953C41866139718DA0A7B4B6EC89E008ACA0F49509195C982A53D8F5E602B01BD2991B28D5F260DF10368B4EC478AECE58114D8BFAECE7FC1EA0B87BCD43BE9A06E56DCEE82898F2221D105466566D68305D18F041D428009A613F09505B8ED78CC4097B7828AE581FAB52EAF05055A93E92A4BCE1E1A44FFA989C0487C7E38AF5B132150E0F9395E823941A1C1EA42CD4C75135363CA0FA551FB97C41509D2C2FEE6365A1BFA9B7B2F8AA224F2C690D29270765854A9BA4BCE0B5B603792BEFB52D48097CF7EDA10DA089767983E8B635947750C25C355D4C35E308170C3CD6C69B87763CBB09AFF668D98C27BD20F0882D8F0B3A988A952DB7C6CD987D16E42E97CD90D5D27791E8AF8DB1BC5B78C657B08A0F1D0232F79A2F4464AE7CCBF3AC64917295B2F7329B94B2C6499EC1B58BDE95942EAB621A94A647CF65E9DC7C1D13181C160E33F3BD346616152E69385FC29864AFD7A67D746C4B0AFAFD51B35B71ECFA3519B02A6917676BCBFA728FF1DB2A77E92A5B9125E5E81144CE0388BE0BC0D3F78365E2C3D06AA5DF290D4385DF0BAF3B082FFAEED35E127C37523344D42D91A303C545AEDE184DCAEE628CB2B67B137A5F21778FB5394C4DFD2CEB5112C0A57D28D7E3E7C8854F53F3AFB4CD8971FEEBE7BCD981711DD1CDF7C43832FE1E4376ADDB3DD7741413ECFE26D8034DA8957AEB1A21341EC98C1E5C088D0799D1B639749227D6EA597B2CDBB1D4A5CFB7804541699F88A5CA49BB84D2A6391845AF573CA9F578786DBA711DF456DCEB35B7F192702B8FB65FB2A6EEAB7B6CDB3D5E92EEAD8FFE6C7FDCA2E956641BF2B52F51B1F675AFD88E5BBC4075D957D7D8AE6BEC5609A6BE2137DC708BF771CD7AAFECC2726ABA0B4CA73D4B948B6F9DB4601A52B0BABEFAC8C59AD5628D3DEC8D904C9C10FE395D5F77B141BEF13284612F8E8451855EAAE5FB3AECB1355C2F6EDEC7D665ED0F011DB456EA6B180D6BDC3F1445A36BECAD2A08F6CF4621E80801ADAC738E96B808AE92454515E986E71212E0D268F72E22DE1238847E76601CA77F329CFF0DE6876001DD73749D90302174C83058F8C25F34B3F8BCA9FF545026DA3CB90ED36BA5318640CDF4E810E0357A9F78BE5BDA7D567323D500C1027F7EFBC6E692B05BB8D5BA44BAC2481328A7AFCC57EE6010FA142CBE4673F008FBD8761FC30BB802CEBA78D46C06699F0891F6C9A907561108E21CA36A4F7FA53EEC064F6FFE07400705602F4D0000, '6.1.3-40302')
INSERT INTO __MigrationHistory (MigrationId, ContextKey, Model, ProductVersion) VALUES ('201508241350171_JumpScore_17', 'Data.Sql.Migrations.Configuratio', 0x1F8B0800000000000400ED5CDB6EDB3618BE1FB0771074B50DA9E5A8375B60B7689DA6F09613E2A4D85D414BB4234CA23489CAE20D7BB25DEC91F60A2375E441B2A8830F298A02694C911F7F7EFCF9F327F539FFFDF3EFE4EDB3E76A4F308C1C1F4DF5D3D158D720B27CDB41EBA91EE3D5AB1FF5B76FBEFD66F2C1F69EB54F79BDD7B41E6989A2A9FE887170661891F5083D108D3CC70AFDC85FE191E57B06B07DC31C8F7F324E4F0D48207482A56993BB1861C783C907F271E6230B063806EE956F4337CACAC9934582AA5D030F4601B0E0543F07188C16BFBBBAF6CE7500E97F01DD95AE01847C0C30B1EEEC21820B1CFA68BD08480170EF370124F556C08D6066F559595D750063930EC0281BE650561C61DF6B0978FA3A63C4109B77E2552F18239C7D20DCE20D1D75C2DB54FF39F60218EA9AD8D5D9CC0D69B592D451CAFF286D71A2E5E527C5D4130FA1FF4EB459ECE238845304631C0252E3365EBA8EF50BDCDCFBBF413445B1EBB26611C3C833AE8014DD863EE9086FEEE08A33767EAE6B06DFDA109B178DA596E9A0E608BF3675ED9A1802962E2C3C80216081FD107E8408860043FB16600C433281731B261C4A36083D5E386184E9AF7997C4EFC8C2D1B52BF07C09D11A3F4E75F2ABAE5D38CFD0CE4B32331E9043D6196984C3185698B9BDEB4B70A89EAF636F09C39B15A53B6AE27A3BD44DB806C8F993FA660AF3DEF75D08506BA05BE0D87D3166BEE791691F80D0EDFDDC0164FB1E19B5FD109CFB7FA0A24312C74669D1850BD64D3094FE8FA11F075CFBA25405A2B4E41252CFDF32F4D3D6039F18651CDA1A9DEEFC18D9E9DABD02419B28C5B73C48B4EA12A7F619A1128A9A3BDC0EF210A4249F0E0564F605A28B64209B4AA8DE56292DC996980B8BCCBF6056431C233F43B06D2D8FC75DC2D8357872D68953D64F86AEDD4137A9133D3A414600BF4C3F73D52F42DFBBF35D290CB0B53E2FFC38B428097E63D57B10AE21EE62BBD9CE7653C97653DD76B3B5ED09948AD559C55A7B938F4D96A695DADA58840E153B99CAB5B616759AEC2D2B76B559C92398CA8D36377A4359B1CAE6763B6AEB8DF420FB67B13FB5DD441537B68177D234F7EDB74B5CF8A1973AD5AE73F77A87893DC65DD89C731ED1FFCBD3B2BA0F9528FD1D898CD286A1BB21ACB04CF3B45E413A17C29AD5B54FC08D6192B01A5BEA9771B76861CAE4A5346DA14ED8DBBBB3C7011D82C04BB8C2AAE4DD39EB47DC8EB77751E45B4E424265DACF65057CD71F90ADA9A70865DE259E2BAE08714E40A8222B62AAFF200D51A99F3C2E0BF91D75231E5FA690043D18D25803DC1959FC64F21C84E508E920CB0980AB6C8A80D0EA4E85CE56D1A3F8E41C0610D1E0A8CCBE8A2942E62EDB53742B6C084DF44D0CC6C73ABA9EB842145CC2DC93EB99C7E37AE6F1B89ED9CDF5CC6371BD3453537406214DDF81BBF139BED8C37EFC8CB341655A6B52C83E0EC631DDD386FD3B55798C529CF68A33D50E9C4B3E901D289249861C2A8E49BCAB18C25DC61D93BB296F9E15C7E11DBADBC1374EC99043BB5BAB4D93BBB2DD83BBA52756D2069316C589E3D671C0F9B2E240F510C1EC4C15654762D13D28DC02628E5772F22E4FC6824B48FEC503F09C5601891EAC02588B23356768AB338ABF61651A34DFC78AF3DBEAEC558CAC8225C9735A9DB618E46202C50B239E983EA499AD4833BB9066EE8C3473AFA4653EDA4857459EAB9EE90E43119FDB8A983BE086B9CD6EE4A726656B97B40DC3939CA6EDC391986B7465B25AAC3C39E51896AC81565D7E615B6C7FC5B389912AA1B282895123999A10AB0207AD19095556A22D52FDD4ECD5A2BDC4C84B310C2BAA501A15D6163D613F046B283CA50A0B1B2692197ABDB904F48674667B52B56CB3AFD936F34EF8FD5C9EB17C37CDEBD3DFB37B80FCEE35DBF2E534286B734146412521C980A034B372438D0AD6800BC25A65D2CC77630F35E578F5488CE28885628AD5B14A09110B5596AA23099220164E78A48EC96883583CA6581D2B9507B13069893A42210E62418A42751C59FCC302CA4FD5918B3708B29365C55DACCC8541D556E64F65E48921AC21E9E420AD5021488A0B5E291C88A1BC53581012F8F6E1A109A08E763140B40B0DC51D143757751753F538DC05038BB5F5E6A119CFACC3AB3C5AD6E3096F1058C486970B2A9892950DB7C6F598432EC84C05C4E264452D4258A60BE2225856765C0BB8CFBAEDBA5CD557E950EB8C13144858F98316A901A32BE07203A67CCFF32CE5B36295A2F722AF15F2D749964B367F2F404A2ED32ABA46687A726C9A582E361186DE28779899EB24BB775EE18A24162B18E1F43DBA6E8E4F4DE14B06C723F837A2C8762B727159F5CFCFD69E25F80EE5B75178D3564023AAEED11308AD47107EE781E7EF7B2BE9FBA155AAE3131AFA6AE3974E7B105617DFA5BDA089AFA5A68FEE5D2047058AD9433B63D489DFF3318AF2F76DE85DB5EE1DD6663FC1F94ED6A320C54BFA902EEAE7C886CF53FDAFA4CD9936FFF573D6EC44BB0949F03DD3C6DADF4328D355BB679A0E6282D9DD04B3A709956A785523B8C60399D1810BAE712F339A82437BD97D87E8C28BF0AB630A95E10F17550EA9BEDD5D58E105B75D665296DBB6D9E0EBE660103D63FECAB1C38BE9BA1BE95EEFD23BBDEDAEBD44DDCB4BED2F5973F8D53DF6ED1E2F4917D8459F773C6E517757B30F79DF97A8E8FB1A2BF6E3162F507DF7D535F6EB1A8755CAC9EFD86BEEDDF95BC27A3D5C7A8D3AD5EDA54FA63D4D94F367ADB4720A52B9AABEBAC8E9EAD574B53D1C8DD08E9F10566EA0AE4BD9226F7919C2B91747C2A04238D9F2631DF6D01AB71737EF43EBD68E8780165A34F91D1DD9D698BFF04576D7C8599710F4EF7D2168711B5A51678E567EBEB90A16E555841B9E2B88814D76BB77217656C0C2E4B105A328F94A75F61DD50FDE12DA737413E320C664C8D05BBADC37BEE9FEBCADFF4470C7DB3CB909926BA5218640CC74C810E00D7A1F3BAE5DD87D51712355034137FEECF68DCE25A6B770EB4D8174ED2345A08CBE225FB9875EE012B0E8062DC013EC62DB43042FE11A589BFC556B3D48F344F0B44FCE1DB00E81176518657BF291F8B0ED3DBFF91FD6A24919E84E0000, '6.1.3-40302')
INSERT INTO __MigrationHistory (MigrationId, ContextKey, Model, ProductVersion) VALUES ('201510292030068_ConfigurationTable_24', 'Data.Sql.Migrations.Configuratio', 0x1F8B0800000000000400ED5CDB6EE43418BE47E21DA25C01DA6DDAEC0D5433AC76A75B54E8499D2DE26EE5493CD388C40989535A104FC6058FC42B60E7E8433CB1339943D10A69691DFBF39FCFBF7FFF763EF7DFBFFF99BC7D8A42EB11A65910A3A97D72746C5B1079B11FA0D5D4CEF1F2F5B7F6DBEFBFFC62F2C18F9EAC9FEB7A6F683DD2126553FB01E3E4D47132EF0146203B8A022F8DB378898FBC3872801F3BEEF1F177CEC9890309844DB02C6B7297231C44B0F885FC3A8B9107139C83F02AF6619855E5E4C9BC40B5AE4104B30478706A9F010C8EE6BF85B6F52E0C00E97F0EC3A56D0184620C30B1EEF43E83739CC668354F4801083F3E2790D45B82308395D5A76D75DD173876E90B386DC31ACACB331C478680276F2A461CB1F9205EED8631C2D907C22D7EA66F5DF036B509BDCB6095A715BED8E3E92C4C69ED96DBA372188EB886AFACFAF1ABC61188BFD0FF5E59B33CC4790AA708E63805A4C66DBE0803EF27F8FC31FE15A229CAC390359298499E7105A4E8368D1398E2E73BB8EC32FDE2CCB61C1EC411511A0C1540F9A61708BF716DEB9A980516216CBC8361658EE314FE0011246DA17F0B30862919DCEB1841C98C759D120BEB5E895B9279655B57E0E912A2157E98DAE447DB3A0F9EA05F975496DCA3804C43D208A7B959873F8390B618B5CB89D37AD55A5FFB318F8861264E56B6D88B77955D0F71ABB6E5A6FE74E1C382C3BE213E0FD20CD31F471859C9CCF55D5F827DF57C9D470B98DE2C29DD591FD7EBA16ED21540C11FD4374B98F7711C42808C816E41E06F8A318BA3880CFBD6E3C21D407E1C91B7F6EF93B3F877D47448D6CCA3B2E83C04AB3E184AFF0F699C275CFBA65407A2B5E41252CF5FF3EA27DB8B4E77718EFC72EE5E81C4244AF12DF712AD86C4A95D46A882A2FE0ED783DC2725C9276301B99B02D14932924D2DD4C656694D4943CCB947C65F30AB278E917F53B06E2E1F1F0F0963D7E03158154EA91E0CDBBA836151277B08928A007E9A7EE2AA9FA7717417875218606B7D9AC779EA5112E2DEAA1F41BA827888EDAE99EDAE96EDAEBEEDAEB1ED05948ED55545A5BDC5AF7D9696954C6D6C42878E9D4C65A5AD4D9D3E7BDB8A436DD6F208A672AFCDBDDED056ECB2D96C45355E48F7B27E36EB93E922AAB9B08DBC9296B9EF66ABC4799C46A5536D3B77573B4C1E31EEC2E69C1719FD7F7B32A3EF432DCAE68E44DED28769F84C586199E669BD82742C84396B5BC54EBB48589D35F5DBB8DBB47065F24A9AD65027ACEDC3D9E380F641E0255C625DF2EE82D50336E3ED5D96C55E5090D099F6735901DFF507E45BFA29429B7789FB8A2B425C9010AAC88C98DADF48AFA8D54F1D9785FC8EBA118F2F5348821E4C69AC01E18C4C7E327801C272840C90172420D4364540303A53A1A3D5F4283E3983094434386AB3AF638A90B9CBF634DD0A0B421F7D1387F1B181AE27CE100D977077E47AEEE1B89E7B38AEE70E733DF7505CAFCCD4349D4148D3B7E06E7C8E2FF6B01B3FE36CD01956450AB98983714C6F68C3EE9DAADD46690E7BC79E6A0BCE256FC8F614C92443F615C724DE750CE10EE30EC9DDB417CF8EEDF016DD6DEF0BA764C8BEDDCD68D1E48E6C77E06EE58E95B4C1A445B3E3B80D0270B6E8D850DD67B0DA5365D59658740F0A3787B8EBA32CD980B71BE4CA3384EFF292B7F17025375D38B587F500F043D405244E081D40258ED49C19059551FC812DD3A0FF78577417A3AD5CF3661D2C498E68B47963909B0114CF9F78623621CD3522CD1D429ABB35D2DC9D9256F9682F5D1D69B37EE23C0E457CAA2C626E811BE670BC971F45066896038EC3939CF5EDC2919853796DB20C669E9CC18C4BD648B3AE3EFF6D56D3E6D9C429457C55C1C451A8FD26C4AA24402B46FD579558F352FA377B3D3757C7452586E3651D22B9C6DAA6271CA7600585A7742DF761A1C0A1A7A50B400F5C677E2455AB7207C5B25977D2991EC803572FAA7533FA7375BA509FE8F219849C63554DCFC93B51BD49F17A9019E79EF61615608210A47DA2BA591CE611D292EC69E316BA392570F17420722590536257CF65F48923102AE5A8D2A809F347F4052D4FA967E32017A9924373DF50355451DC6E235862D59B0B3512237563A198627DAC56BBC642B5A5FA4882168D85131EE96332A234168F29D6C72A75692C4C596232492A551A3F33AA427D1C5975C602CA4FF5919B4F57B29355C543ACAC1569DD56D64F0F261C888BFEA0B0206CF5CCC3431F808A763140988586E6F0931B2BD589A81A873BD962B1D61E79F5E3B92ABCCE330D359EF0E98A45ECF9AAA5832959D9F3B9428D39E684ACE4672C4E556410C22A411A17C1AAB2C39AC09BCCDBA1D3557F968E35CF38258B84553F30480D18410B971B30E53B1E6769E72356697A6F7640C24E6752ED3AFA2F3F49DB90B28A6D119A1E039F6E41E6CF1986D151ED30B3302856EFBAC215492C9630C3A580C3768F4F5CE126D5E1DC6A72B2CC0F3B766DCAAB4DFCA0EDF58251404937BE15D07D6D083D82D47B00E9571178FA9A45DDEC6A9001ACE9F59F0103A1DA2898DFC529A8EF55E0992AE9C4EB374AF6065DA9D90CADF39ACC100F942EC92C027310F682CC90F6C2E5988DBC5F7501462047078AC9690663A86EC1D4EF28DE8319654EAECBD47771F3642BF351D0E4167D485FEC2E900F9FA6F69F459B53EBE2974F55B357D64D4A16C353EBD8FA6B8C2B2ABADD334D4731C11D6E82BBA1099DD762748DE01A8F64C6002EB8C61B99D1171CCCEFDF0C882EFC6D9CEE9842EFE38C1755F629C3DF5E58E195F7434652D6DD9B2CF0AA311845D85C8B0506285454DF923612D50C92BD280FB577A26EF93F8B8F3FBBC7AEDDE32509848708750FC72D546767BBD0F9FE1FA5BD9F63C56EDCE205CA703FBBC66E5D63BF9259591DA3F80ED2796ADB2B8C2D0FB9A7B6BF8889139469F310EDEC1AE96C5717F5332359AD86AAB6ABAF21CA5BB5F056D9C3C16872F90161F526FA12B6354AB897A1B17D71248CAA99952D3FD4D71E5B0EFBE2C67D6C89EBE11060205B953FD2927594F93B966439CF82550B41FFAA25821EB78236752ED032AE5773C1A2BA8A70A4740531F0C9F2FA2EC5C11278983CF66096157FCCA1BA1DFF215A40FF02DDE438C9317965182D424E2549138275FD17DA5CDEE6C94D529C638DF10AC4CC80BC02BC41EFF320F41BBBCF3B8EC0141034D3A88EFBE858627AECB77A6E90E43FCEA802AAE86B12A48F304A420296DDA0397884436CBBCFE0255C01EFB9FED6AE06E91F089EF6C95900562988B20AA36D4F7E253EEC474FDFFF07C29333BECE550000, '6.1.3-40302')
INSERT INTO __MigrationHistory (MigrationId, ContextKey, Model, ProductVersion) VALUES ('201510292202245_DropRandomizationLetter_28', 'Data.Sql.Migrations.Configuratio', 0x1F8B0800000000000400ED5CCB6EDC3614DD17E83F085AB58563D9CAA635661224E33870EB173C76D05DC0913863A112A54A946BB7E89775D14FEA2F947AF3218E4849F3701014486D8A3CBC3A3CE4BDA42EFDDF3FFF4EDE3E05BEF108E3C40BD1D43C3E3C320D889CD0F5D06A6AA678F9EA47F3ED9B6FBF997C708327E35355EF75568FB444C9D47CC0383AB1ACC4798001480E03CF89C3245CE243270C2CE086967D74F493757C6C410261122CC398DCA6087B01CC7F21BFCE42E4C008A7C0BF0C5DE82765397932CF518D2B10C024020E9C9AA70083C3F9EFBE69BCF33D40FA9F437F691A00A110034CAC3BB94FE01CC7215ACD235200FCBBE708927A4BE027B0B4FAA4A9AEFA024776F60256D3B08272D204878126E0F1EB92118B6FDE8B57B3668C70F681708B9FB3B7CE799B9A84DEA5B74AE3129FEFF164E6C759ED86DBC362180E99860746F5F8A01602D14BF6DF81314B7D9CC6708A608A63406ADCA40BDF737E81CF77E16F104D51EAFBB491C44CF28C292045377118C1183FDFC2659BE9E7A7A661B120168F5263C8008A373D47F8B56D1A57C42CB0F061AD0E8A95390E63F8112248DA42F706600C6332B85721828219EB3A251656BD12599279651A97E0E902A2157E989AE447D338F39EA05B959496DC238F4C43D208C7A95E879F809FB518B5CB89D5A86AADD67E4E0362988EC88A163B5157D1751F59352D87EAE9DC8539875D437CE6C509CE7E1C61640533D7777D0176D5F3551A2C607CBDCCE84EBAB85E0F751DAF00F2FECCB459C0BC0F431F02A40D74033C7728C62C0C0232EC1B5F176E0172C380BCB57B1F9D867FA0BA43E2330F8BA2331FACBA6032FA3FC6611A31EDEB52114279B9B80D53E41693E912443ACB06DB7227CB479F85639B4B464E517787EB41EEA382E4E3B180ECA140996A47B2A9811A6C95D21CD1C49C3B64FC39B33A1616F26F0CD6AC2BC747477DD6952BF0E8AD7251CA07C3346EA19FD7491EBCA824809DA69F99EA677118DC86BEB00CD0B53ECFC334763212C2CEAA77205E41DCC7765BCF765BC9765BDD765BDBF61C4AC5EAB2A2D4DEFCD72E4B8B4ABA36D64B878A9D5465A9AD759D2E7B9B8A7D6D56520455B9D3E64E353415DB6CD6F3A8DA8E7427FEB3F64FBA4E54D1B18DEC498B60749897380BE3A010D5A68369B960D280920B1D049E27D9FF9BA312750D3528C38544DED285B1FF4C58A1996669BD84D9587073D634F2AD2F7172C23030F59B75B76E618BE41534ADA18EF3EDFDD963807641E0055C6255F26EBDD503D6E3ED5D92848E9793D01AF6335101DBF507E41AEA21421377F1FB8A4B429C1711AAC88C989A3F08AFA8D44FB52E73F15D2623165FA4902C7A30CED61AE0CFC8E42783E7212CAE901E72BC08F8CAA670085A871CD968D53DF24F4E610451B6382AB3AF620A17B98BF6D4DD720EA18BBE894569ACA7F4F819A220097B4BD2B3F7477AF6FE48CFEE273D7B5FA457446A8A62E0C2F40DC88D8DF1F91EB6A333C60695619584904304C6303DD086ED8BAAD946290E7BCB9E6A03E21237643B5AC9044376B58E09BCAB18C21CC6ED93DC949D67CB76788372DBB9E3140CD9B5DCB49C267364BB05B9153B56D2069316F58EE3C6F3C0E9A26543759FC0724F95945B625E1E19DC1CE2B6AFA46403DE6C904B65701FCA05B5B17005376D3895C23A00D8216A03E227840AA01447684E8D82CC28F6C0966AD07DBCCBCB456B2B57BF590B4B8210B5366F14723D80FCF9134BCC10D26C2DD2EC3EA4D91B23CDDE2A69A5463BE96A099BD503E771286243651E7303DC5087E39DFC482240BD18701C9EC4A86F1B42A24EE595C9D298796204332E5923CDBAEAFCB7F6A6F5B3895564D59505134B927E372156451E5A51E9786589312F72F166AFE6FAE96A41816139494BD65A6D6DDD130E63B082DCD3CC97BB304F89C94E4B17203B709DB98150AD8C1D246EB3EAA4353C1007AE72AA55B3ECE7F274A13AD165230831C62A9B9E9177CA1240F2D783D43877B437B28C48E083B82BCB6D16FA69809472E89471F344362970FEB4277299B126C52E9F8BE8138B235488518551E3E60FAF0525A554B3B19744CAE0505F1BB286328A9B6D044DAC7C732147A272CF6828AA581DAB4926A3A19A5275242E398C86E31EA963525962341E55AC8E55248AD1304589CE2429D3C4D8995116AAE388696034A0F8541DB9FE74258AAC2CDE9B49CBBBE65E9397DB90E94FE22E0019D1FC34D69BC0F5112533EEB2734B390E73FE4463AD3D98EAC6B36578AD270F723CEE03138DD8F1ED490553B0B2E3A3821CB3CFB49161954962344E59A4B1D0946963CC3A5396EDD7041E326FFB4E57F5593AD63C63F24D04ACEA818603A7D24E180F4E956F799C85FD095FA5EEBDDEA770FB9149B937E8BE33246C168A2AA641687AF4DC6CA3307F4E300C0E2BC1CC7C2FF7B155854BE2FE9730C1459A85691F1DDBDC05A4FDB90C642589EBB7ECADA43782D841DBE9BD1C2F235D3B99BEFDB60D7A04B1F300E2EF02F0F43D8D3AEC468D06ACEEAD991E03210BE7F5AFB0E4D477E6C9E9E6BBF1B756A4ECF5BA89320CADF576491F050A774B169E3E087DAFA44F7BEE4EC920F5CBEE8D70E4A84051318D2246DFCB233D66CFB01B1C1B99315C6E6BDE87F0E5EB1CB9F0696AFE95B73931CE7FFD5C363B30AE63E2AE4E8C23E3EF31AE7AA8764F351DC504BBBF09F640135AAF97A81AC1341EC98C1E5C308D0799D1357DF5EFB1F45843D85B2DD5CA26DE6B196F55D9653AFBE696153683BDCF488AF9EB3A2E583606A32408571FDD7B647AC8BEC90C4A4EE9953E223D1CDE4A96C8979CC4FB551EDB96C74B4AB4ED93F0BA3FB2909D6E6D235FF64B4C91FDBA566C47162F309DF5AB34B62B8DDDA69E8A5926922F15ADE7AA9D09A6C531F4D474172111411136F7C9415D9382DAD645F54C2B3D55213BB5ADAF3E19ACF20456690F7B93DBCA0E089DB7A19E0AB626A3EC65E4AABE381246CD3D152DDFD7D71E3BADF4C58DFBD8A9A2FB438046FAA7F81995F851EA0F3412779E78AB0622FB738D083A8C07ADEB9CA365587973CEA2AA0A77A474093170897B7D17636F091C4C1E3B3049F23F8A50DE32FF102CA07B8EAE531CA598BC320C163E936D980504EBFACF735C599B27D7517E8E35C62B10333DF20AF01ABD4F3DDFADED3E6B3902934064914679DC978D25CE8EFD56CF3592F857076540257D7580740783C82760C9359A8347D8C7B6FB045EC015709EABAFE17290EE8160699F9C7A6015832029319AF6E457A26137787AF33F8936072AA7540000, '6.1.3-40302')
INSERT INTO __MigrationHistory (MigrationId, ContextKey, Model, ProductVersion) VALUES ('201610081722175_VideoUrl', 'Data.Sql.Migrations.Configuratio', 0x1F8B0800000000000400ED5CD96EE436167D1F20FF20E82919742C5BFD9231AA1274CAEDC099F60257BB91B7064B62958548A422511E3B83F9B279C827E51742ED5CC41229A916078D001D9B220FAF0E0F571DFACFFFFF31FBE1390AAD2798A4014673FBECE4D4B620F2B01FA0CDDCCEC8FADBEFEC1FBEFFEA1FB3F77EF46C7DAAF3BDCDF3D192289DDB8F84C4E78E937A8F3002E9491478094EF19A9C783872808F1DF7F4F45FCED9990329844DB12C6B769F211244B0F885FEBAC0C88331C940788D7D18A6553A7DB22C50AD1B10C134061E9CDB17808093E56FA16DBD0B0340EB5FC2706D5B00214C00A1D19D3FA47049128C36CB982680F0E34B0C69BE35085358457DDE66D77D8153377F01A72D584379594A70640878F6B662C4118B0FE2D56E18A39CBDA7DC9297FCAD0BDEE636A5771D6CB2A4C2176B3C5F84499EBBE5F6A46C8613AEE01BAB7EFCA61102D54BFEDF1B6B9185244BE01CC18C2480E6B8CB5661E0FD1BBE7CC4BF4234475918B241D230E9332E8126DD2538860979B987EBAED0AF2E6CCBE1411C11A5C15001946F7A85C85BD7B66E68586015C2461D0C2B4B8213F81344909685FE1D200426B4716F30825218DB2AA511D6B55259D27E655BD7E0F903441BF238B7E98FB675193C43BF4EA922794001ED86B4104932B30A3F81302F31699533A755D556ADFD9C453430139195250EA2AEB2EA21B26A4B8ED5D3950F0B0EFB9AF832485292FF3841CB4A616EAFFA033854CD3759B482C9ED3AA73BEDE37A3BD46DB20128F83DD76609F323C62104C818E80E04FE588C058E22DAEC3B1F17EE01F27144DFDA7F882FF07F5053219D334FCAA4CB106CFA6072FA7F4A701673E59B5419427BB8B8C719F2CBCE740D629361832F7990E163C8C0B1CF21A3A0A8BFC2ED200F7149F2D95440EE58A05CB513C5D4428D8E4AAB8F18622E3DDAFE42583D030BFD37015BC695B3D3D309C6954F810FF143126EAF68504D37E029D814F25737BB6DDDC3B0C8933E067145353F207CE6B25F2638BAC7A134E0B0B93E2F71967839DDB837EB47906C201912BB6B16BBAB15BBAB1FBB6B1C7B01A513759551196FF16B5FA46526D3189B414A274E26B332D6264F5FBC6DC6A1316B2982C9DC1B73AF1ADA8C5D319BCDDDC653F64166EA6626349DAE35A7D089E7EC72D93B6E3EBAC449548A6AD7CB76B560B288910BBBDCBC4AF3FFB78732FA1A6A51C60B89BEA50F93F085B2C232CDD37A0DF3B610FAAC6D159B6C3ACB49CDC0E56FC7DDA6842B9357D2B4853A6115319C3D0EE810047E806BA24BDE7DB0792466BCBD4B53EC0505099D1B0C6E55C057FD1EF996FE12A15DE1893B986B4A5C1053AA688F98DBFF945E51AB9E7A5C165692B98C787C99423AE8C1241F6B40B8A09D9F365E80883C4206C80B62106A872220181DA7E4ADD5D4283EB9803144F9E0A8CDBE4E28C21E418EA7A9569810FAE89B398CC6064A4FEC211A9270F7243DF778A4E71E8FF4DC61D2738F457AE54A4D530CC2327D0772E3D7F8620DFBD11917834EB32A96906304C6313D3286FD8BAADD4669367BC79E6A07E2923764071AC9A4400E358E49BCEB04C21DFB1D93DCB427CF8EEDF00EE576F089530AE4D072339A34B9C3E13DC8ADDCB1D232849668761C7741002E561D1BAA8714567BAAB4DA128BF2C8E19690747D8FA51BF076835C2943F8242FA98D872BB9E9C2A915D603C037511790D821740095385271A6155441F107B64C81FEE35D512E465BB9E6CD3A58928468B47963909B0614CF9F7862C690E61A91E60E21CDDD1969EE5E49AB34DA4B57C7B2597FE13C0D45FC5259C4DC0137CCE1782F3F8A15A0D91A701A9EE455DF3E84C49CCA6B9365D0F3E415CCB4644DD4EBEAF3DF66366D9ECD9CD2BF5725CC1C85D16F46A38A03B4618C7F558AB52C5D7F8B6F97E6C6B8A8C470BCB4C31FD744DBD44470023650789ACFE53E2CCC37F969E90AE407AE0B3F92B2556B07C5B45957D2B93C901BAE9E54EB62F9CFD5E9427DA2CBAF20E4355655F492BE536E35295E0F32EDDC53DECABD972004499F9F6E81C32C425A6E3D6DDCC232A7042E9E0E44AEBC714AECEAB98C3E730442A535AAD46A42FF11B5A0A594BA370E9248B53834D786AAA08AE2761BC112ABDE5CA89118971B0BC524EB63B5B63516AA4DD547126C682C9CF0481F93F1A3B1784CB23E5669496361CA14934E5219D2F89E5125EAE3C8863316507EAA8FDC7CBA924556251F4DA715A7E6419D57D8909977E23E0015D1623736EBC0CD1125D7EEAA734B350E77FEC4626D3D98EAC77355789D270F6A3CE103138BD8F3ED4907538AB2E7A3821A7348B7516155763416A74A3218682A831A37CE5469FA28ADFF8CC569538F6B281833020CEDF8FAFD7DAA1ECB395724ACFA81C1528031B0706B01267DCFED2CED74C42C4DEDCD8E47D8D9CCAA5D46FF3D2769DB5166B12D4AD313153ADD722C5F5202A3935A308B302866EB3AC3355D48AC614A4AC386ED9E9EB9C2A5A9E3B9C0E4A4A91F76ECD294B798F8463BE85DA22027DDF80240F70D21F40412EF11245F47E0F91B1675DC2D200358D39B3E031A42B53130BF765350DFEBB83375CE89376D94EC0DBA3D330EADF346CC10054AF761568139087B17664879E11ECC28F5ABEEBA08E4E84031AB234D8CA1175E06F49E71B74E76D26304976C5187F40DED0AF9F0796EFFB728736E5DFDF2B92AF6C6BA4DE874756E9D5AFF9BE27A8A6EF54CD14942708787E08E0CA1F34A8C6E105CE189C218C005577854187DDDD7FCEECD803184BF89538F6CF25D1C3354F1E28D0AB707D8D0E33F60949ACA71BFBBF18A37D90F91886CB13799DB556D308987B9F6050C30A3A83E1B8DF2CF0C72B828CFAFF76264F93BFB8CBFC863DFF2784D5EE0219EDCE39185EAD86C1F96DEBFA38BF7CB58B11F59BC42C7ED1769EC571A8775C7CA4618C52790CE03DB5E0F6C79BE3DB7FD15A6222897CD436CB25B5CB25D55D4CF8C1CB41A06DAAEBA86986CD51E5B650D4763BFE51B84B596E8BBD5B698DE5E879DF6D59130A93D568EFC585F7B6AE7EBAB6BF7A9DDACC74380814355FE3E4BE751E6AF55D2E93C0D362D44FEB72B11F4B819B4C97385D6B89ECD8588EA2CC291D23524C0A7D3EBBB84046BE011FAD883695AFCDD86EA22FCFB6805FD2B749B913823F49561B40A394364BE20D8567F61C3E5639EDDC6C539D614AF40C30CE82BC05BF46316847E13F765C7119802225F6954C77D795B92FCD86FF3D220C97F82510554D1D72C903EC2280E29587A8B96E0090E89ED21851FE006782FF5677635487F43F0B4CF2E02B049409456186D79FA2BD5B01F3D7FFF170AF14180B4550000, '6.1.3-40302')
INSERT INTO Configuration (ConfigurationID, ConfigurationKey, ConfigurationValue) VALUES (1, 'Randomization Locked', '1')
INSERT INTO Configuration (ConfigurationID, ConfigurationKey, ConfigurationValue) VALUES (2, 'Admin Password Hash', '$2a$10$pozCaWYKlckYtEpmGU4X4eRg.staPB24oQtFBvDB0HZrfmArgYmcS')
INSERT INTO Configuration (ConfigurationID, ConfigurationKey, ConfigurationValue) VALUES (3, 'Number of times to loop through the Bcrypt Alrithm', '10')
